{
    "faces": [33,1,0,2,3,0,0,0,0],
    "metadata": {
        "faces": 1,
        "generator": "io_three",
        "version": 3,
        "normals": 1,
        "type": "Geometry",
        "vertices": 4,
        "uvs": 0
    },
    "uvs": [],
    "normals": [0,1,0],
    "name": "Plane.001Geometry",
    "vertices": [16.3664,0.795942,32.6299,-32.4816,0.795941,16.4678,32.5285,0.79594,-16.2181,-16.3195,0.795939,-32.3802]
}